OBJECTID_1,OBJECTID,STATEFP10,COUNTYFP10,TRACTCE10,GEOID10,NAME10,NAMELSAD10,MTFCC10,FUNCSTAT10,ALAND10,AWATER10,INTPTLAT10,INTPTLON10,LOGRECNO,Shape_Length,Shape_Area
1,46,42,101,005000,42101005000,50,Census Tract 50,G5020,S,4504459,3340294,+39.8898768,-075.1691412,10389,48033.33505,88329434.93
2,47,42,101,005400,42101005400,54,Census Tract 54,G5020,S,1846253,530013,+39.8904539,-075.2513923,10390,24624.82314,25752131.41
3,48,42,101,005500,42101005500,55,Census Tract 55,G5020,S,1168442,12010,+39.9074191,-075.2489174,10391,20389.05994,12703639.15
4,49,42,101,005600,42101005600,56,Census Tract 56,G5020,S,840411,0,+39.8988328,-075.2447347,10392,11788.14757,9047139.025
5,50,42,101,006000,42101006000,60,Census Tract 60,G5020,S,1089657,0,+39.9115196,-075.2381570,10393,14205.26781,11755567.37
6,51,42,101,006100,42101006100,61,Census Tract 61,G5020,S,534201,0,+39.9150013,-075.2288094,10394,10254.36591,5677914.175
7,52,42,101,006200,42101006200,62,Census Tract 62,G5020,S,509636,0,+39.9194134,-075.2335257,10395,9459.042857,5485256.241
8,53,42,101,006300,42101006300,63,Census Tract 63,G5020,S,555602,0,+39.9210843,-075.2399762,10396,11623.41724,5981063.154
9,54,42,101,010000,42101010000,100,Census Tract 100,G5020,S,497695,0,+39.9710834,-075.2503759,10434,10905.24396,5350496.88
10,55,42,101,010100,42101010100,101,Census Tract 101,G5020,S,601437,0,+39.9721396,-075.2425290,10435,10370.02677,6473969.6
11,56,42,101,010200,42101010200,102,Census Tract 102,G5020,S,360618,0,+39.9680830,-075.2316701,10436,8074.098923,3881678.524
12,57,42,101,010300,42101010300,103,Census Tract 103,G5020,S,281357,0,+39.9678322,-075.2254383,10437,7815.312156,3027711.349
13,58,42,101,010400,42101010400,104,Census Tract 104,G5020,S,472051,0,+39.9654995,-075.2191193,10438,10720.46274,5092391.53
14,59,42,101,010500,42101010500,105,Census Tract 105,G5020,S,657766,0,+39.9665652,-075.2142018,10439,13540.833,7079505.849
15,60,42,101,010600,42101010600,106,Census Tract 106,G5020,S,265466,0,+39.9646327,-075.2079213,10440,7919.611965,2857396.302
16,61,42,101,010700,42101010700,107,Census Tract 107,G5020,S,460475,0,+39.9687475,-075.2069442,10441,10173.16099,4956471.551
17,62,42,101,010800,42101010800,108,Census Tract 108,G5020,S,585732,0,+39.9660217,-075.1989890,10442,12366.96126,6304181.663
18,63,42,101,010900,42101010900,109,Census Tract 109,G5020,S,248168,0,+39.9649286,-075.1917650,10443,6960.766694,2671107.24
19,64,42,101,011000,42101011000,110,Census Tract 110,G5020,S,472868,0,+39.9737291,-075.2062951,10444,11091.40027,5089944.172
20,65,42,101,011100,42101011100,111,Census Tract 111,G5020,S,1301411,0,+39.9752003,-075.2215745,10445,16965.07254,14007749.46
21,66,42,101,011200,42101011200,112,Census Tract 112,G5020,S,503162,0,+39.9736041,-075.2336533,10446,9324.823217,5416064.537
22,67,42,101,011300,42101011300,113,Census Tract 113,G5020,S,334899,0,+39.9786554,-075.2353346,10447,8034.469417,3604799.209
23,68,42,101,011400,42101011400,114,Census Tract 114,G5020,S,972947,0,+39.9807388,-075.2440178,10448,13929.95797,10472023.18
24,69,42,101,015700,42101015700,157,Census Tract 157,G5020,S,485211,0,+39.9780463,-075.1355242,10485,9382.492956,5222616.085
25,70,42,101,015800,42101015800,158,Census Tract 158,G5020,S,580218,0,+39.9735773,-075.1294327,10486,10518.34832,6244885.595
26,71,42,101,016000,42101016000,160,Census Tract 160,G5020,S,720839,0,+39.9793809,-075.1231903,10487,11154.18021,7759119.188
27,72,42,101,016100,42101016100,161,Census Tract 161,G5020,S,707586,0,+39.9844571,-075.1275250,10488,11545.65412,7616202.382
28,73,42,101,016200,42101016200,162,Census Tract 162,G5020,S,364983,0,+39.9840197,-075.1384217,10489,9351.993552,3928529.948
29,74,42,101,016300,42101016300,163,Census Tract 163,G5020,S,572226,0,+39.9885061,-075.1339156,10490,10876.48117,6158876.413
30,75,42,101,016400,42101016400,164,Census Tract 164,G5020,S,485026,0,+39.9896437,-075.1431665,10491,9143.135979,5220904.12
31,76,42,101,016500,42101016500,165,Census Tract 165,G5020,S,394713,0,+39.9890550,-075.1491723,10492,9542.651247,4248720.987
32,77,42,101,016600,42101016600,166,Census Tract 166,G5020,S,261133,0,+39.9890491,-075.1536062,10493,8364.30095,2810591.698
33,78,42,101,016800,42101016800,168,Census Tract 168,G5020,S,581301,0,+39.9917820,-075.1676540,10496,10991.64942,6256828.386
34,79,42,101,003901,42101003901,39.01,Census Tract 39.01,G5020,S,420397,0,+39.9238262,-075.1732854,10381,9073.293782,4524884.081
35,80,42,101,016902,42101016902,169.02,Census Tract 169.02,G5020,S,563700,0,+39.9939857,-075.1831934,10498,10214.40069,6067542.84
36,81,42,101,016901,42101016901,169.01,Census Tract 169.01,G5020,S,512907,0,+39.9930523,-075.1758394,10497,9816.220388,5520774.868
37,82,42,101,020700,42101020700,207,Census Tract 207,G5020,S,1428274,99543,+40.0126929,-075.1944867,10533,19612.55557,16312034.47
38,83,42,101,020800,42101020800,208,Census Tract 208,G5020,S,880647,0,+40.0213151,-075.1936140,10534,19494.79427,9490199.312
39,84,42,101,020900,42101020900,209,Census Tract 209,G5020,S,509953,35428,+40.0186576,-075.2089795,10535,13208.81688,5885364.972
40,85,42,101,021000,42101021000,210,Census Tract 210,G5020,S,858223,55719,+40.0244730,-075.2151045,10536,14610.46584,9761633.503
41,86,42,101,021100,42101021100,211,Census Tract 211,G5020,S,540313,0,+40.0264564,-075.2065293,10537,12531.52687,5908815.897
42,87,42,101,021200,42101021200,212,Census Tract 212,G5020,S,515705,0,+40.0348390,-075.2125337,10538,9595.603807,5550945.772
43,88,42,101,021300,42101021300,213,Census Tract 213,G5020,S,538876,0,+40.0322339,-075.2181175,10539,11225.91985,5799745.747
44,89,42,101,021400,42101021400,214,Census Tract 214,G5020,S,607138,56535,+40.0279290,-075.2240827,10540,11454.97364,7085085.12
45,90,42,101,021500,42101021500,215,Census Tract 215,G5020,S,1003279,40236,+40.0350417,-075.2288249,10541,17681.88289,11178933.13
46,91,42,101,021600,42101021600,216,Census Tract 216,G5020,S,1991850,111706,+40.0436758,-075.2403985,10542,23534.11079,22544671.37
47,92,42,101,024100,42101024100,241,Census Tract 241,G5020,S,407855,0,+40.0332734,-075.1759175,10554,8695.117828,4389871.456
48,93,42,101,024200,42101024200,242,Census Tract 242,G5020,S,532060,0,+40.0285110,-075.1697086,10555,9750.630526,5726860.208
49,94,42,101,024300,42101024300,243,Census Tract 243,G5020,S,679035,0,+40.0215855,-075.1710376,10556,11163.66438,7308687.709
50,95,42,101,024400,42101024400,244,Census Tract 244,G5020,S,421189,0,+40.0248284,-075.1638925,10557,8710.271389,4533507.216
51,96,42,101,024500,42101024500,245,Census Tract 245,G5020,S,801001,0,+40.0333286,-075.1620463,10558,16125.18523,8633973.641
52,97,42,101,024600,42101024600,246,Census Tract 246,G5020,S,621264,0,+40.0409623,-075.1729016,10559,14124.25714,6687252.644
53,98,42,101,024700,42101024700,247,Census Tract 247,G5020,S,941266,0,+40.0417034,-075.1645311,10560,13688.39681,10135689.39
54,99,42,101,024800,42101024800,248,Census Tract 248,G5020,S,319263,0,+40.0468442,-075.1668818,10561,8869.192281,3436190.851
55,100,42,101,024900,42101024900,249,Census Tract 249,G5020,S,325198,0,+40.0511009,-075.1601167,10562,8427.880717,3500340.899
56,101,42,101,025200,42101025200,252,Census Tract 252,G5020,S,952423,0,+40.0468352,-075.1771588,10563,12718.46449,10250904.38
57,102,42,101,025300,42101025300,253,Census Tract 253,G5020,S,581298,0,+40.0542198,-075.1822200,10564,10754.35897,6257232.17
58,103,42,101,025400,42101025400,254,Census Tract 254,G5020,S,769760,0,+40.0604202,-075.1760718,10565,12371.59697,8285427.66
59,104,42,101,025500,42101025500,255,Census Tract 255,G5020,S,766603,0,+40.0625796,-075.1840640,10566,12806.43803,8251264.871
60,105,42,101,025600,42101025600,256,Census Tract 256,G5020,S,863997,1979,+40.0683411,-075.1883025,10567,12711.59051,9332669.306
61,106,42,101,028300,42101028300,283,Census Tract 283,G5020,S,673067,0,+40.0260505,-075.1438525,10597,11215.72028,7244757.493
62,107,42,101,028400,42101028400,284,Census Tract 284,G5020,S,492451,0,+40.0251577,-075.1381287,10598,10668.33673,5147840
63,108,42,101,028500,42101028500,285,Census Tract 285,G5020,S,267006,0,+40.0287154,-075.1337359,10599,8815.171406,2974301.462
64,109,42,101,028600,42101028600,286,Census Tract 286,G5020,S,717845,0,+40.0285757,-075.1276448,10600,12260.8657,7734766.775
65,110,42,101,028700,42101028700,287,Census Tract 287,G5020,S,340972,0,+40.0218194,-075.1314402,10601,7988.015352,3632561.197
66,111,42,101,028800,42101028800,288,Census Tract 288,G5020,S,442001,0,+40.0222841,-075.1240562,10602,9580.783961,4880696.182
67,112,42,101,029000,42101029000,290,Census Tract 290,G5020,S,818133,20001,+40.0296096,-075.1166058,10605,13386.19197,9035913.321
68,113,42,101,029100,42101029100,291,Census Tract 291,G5020,S,1327550,0,+40.0361323,-075.1074594,10606,20228.69554,14287233.29
69,114,42,101,029200,42101029200,292,Census Tract 292,G5020,S,1732847,28953,+40.0249561,-075.1021580,10607,26350.96602,18958895.73
70,115,42,101,029300,42101029300,293,Census Tract 293,G5020,S,685641,0,+40.0137540,-075.0917655,10608,13711.6272,7379617.51
71,116,42,101,029400,42101029400,294,Census Tract 294,G5020,S,647647,0,+40.0094789,-075.0854721,10609,11588.61578,6971730.362
72,117,42,101,029800,42101029800,298,Census Tract 298,G5020,S,649155,0,+40.0159529,-075.0678013,10610,11364.51831,6995382.128
73,118,42,101,033300,42101033300,333,Census Tract 333,G5020,S,1011566,0,+40.0550147,-075.0440558,10644,15646.92196,11213668.15
74,119,42,101,033400,42101033400,334,Census Tract 334,G5020,S,1218434,0,+40.0535052,-075.0529610,10645,17528.55209,13163646.36
75,120,42,101,033500,42101033500,335,Census Tract 335,G5020,S,942793,0,+40.0546014,-075.0648677,10646,14248.60396,10147564.22
76,121,42,101,033600,42101033600,336,Census Tract 336,G5020,S,1153639,0,+40.0614785,-075.0592350,10647,13840.99998,12470599.96
77,122,42,101,033800,42101033800,338,Census Tract 338,G5020,S,1400220,0,+40.0626481,-075.0736440,10650,16486.34678,15070180.15
78,123,42,101,033900,42101033900,339,Census Tract 339,G5020,S,1141156,0,+40.0685560,-075.0873418,10651,14924.11142,12341402.38
79,124,42,101,034000,42101034000,340,Census Tract 340,G5020,S,763893,729,+40.0711759,-075.0735007,10652,13047.02189,8203712.178
80,125,42,101,034100,42101034100,341,Census Tract 341,G5020,S,1333267,0,+40.0763415,-075.0806938,10653,15343.76962,14564423.85
81,126,42,101,034200,42101034200,342,Census Tract 342,G5020,S,1000768,0,+40.0825947,-075.0721585,10654,16494.16207,10407436.32
82,127,42,101,980200,42101980200,9802,Census Tract 9802,G5020,S,5200674,250845,+40.0714709,-075.0443910,10710,87413.48747,58032080.65
83,128,42,101,034400,42101034400,344,Census Tract 344,G5020,S,3399171,13905,+40.0943325,-075.0564419,10655,28853.83282,36992942.82
84,129,42,101,034600,42101034600,346,Census Tract 346,G5020,S,1853669,5746,+40.0708314,-075.0207264,10658,18124.4176,20022286.81
85,130,42,101,006400,42101006400,64,Census Tract 64,G5020,S,645368,16097,+39.9251805,-075.2428396,10397,13106.8756,7024535.469
86,131,42,101,006500,42101006500,65,Census Tract 65,G5020,S,1111283,29425,+39.9330955,-075.2318406,10398,23393.96927,12267008.63
87,132,42,101,006600,42101006600,66,Census Tract 66,G5020,S,651244,0,+39.9293155,-075.2298425,10399,11187.77352,7010461.313
88,133,42,101,036301,42101036301,363.01,Census Tract 363.01,G5020,S,2322732,66075,+40.0895349,-074.9667387,10681,22768.14761,25611192.1
89,134,42,101,036400,42101036400,364,Census Tract 364,G5020,S,4501110,8014,+40.1127747,-074.9789137,10684,36089.48607,48325430.26
90,135,42,101,036600,42101036600,366,Census Tract 366,G5020,S,1004313,1426278,+39.9470272,-075.1404472,10687,30549.59188,26338676.73
91,136,42,101,034803,42101034803,348.03,Census Tract 348.03,G5020,S,1271533,8021,+40.0619427,-075.0023705,10663,16173.07364,13771924.46
92,137,42,101,034702,42101034702,347.02,Census Tract 347.02,G5020,S,1016206,0,+40.0570427,-075.0283288,10660,19696.94977,10803481.82
93,138,42,101,036202,42101036202,362.02,Census Tract 362.02,G5020,S,1116115,2329,+40.0838623,-074.9781805,10679,19282.19704,12038851.99
94,139,42,101,003800,42101003800,38,Census Tract 38,G5020,S,1089154,0,+39.9184658,-075.1831323,10380,14282.55446,11719003.04
95,140,42,101,008302,42101008302,83.02,Census Tract 83.02,G5020,S,425234,0,+39.9566981,-075.2414378,10416,10395.1315,4576988.054
96,141,42,101,017602,42101017602,176.02,Census Tract 176.02,G5020,S,400458,0,+39.9967182,-075.1305528,10507,10599.21282,4288825.395
97,142,42,101,001002,42101001002,10.02,Census Tract 10.02,G5020,S,471662,0,+39.9450045,-075.1466193,10349,9139.174031,5076688.083
98,143,42,101,001001,42101001001,10.01,Census Tract 10.01,G5020,S,229399,0,+39.9456722,-075.1516020,10348,7389.586472,2469367.582
99,144,42,101,000402,42101000402,4.02,Census Tract 4.02,G5020,S,303680,0,+39.9532973,-075.1686952,10339,8922.261202,3268871.852
100,145,42,101,000401,42101000401,4.01,Census Tract 4.01,G5020,S,214766,14981,+39.9541871,-075.1758082,10338,6872.912592,2513118.537
101,146,42,101,012204,42101012204,122.04,Census Tract 122.04,G5020,S,849290,56473,+40.0009407,-075.2120769,10457,19323.72932,10009300.91
102,147,42,101,012203,42101012203,122.03,Census Tract 122.03,G5020,S,226108,0,+40.0074668,-075.2093526,10456,7906.42017,2412016.84
103,148,42,101,013602,42101013602,136.02,Census Tract 136.02,G5020,S,234732,0,+39.9715714,-075.1798097,10466,7639.593333,2526093.518
104,149,42,101,034501,42101034501,345.01,Census Tract 345.01,G5020,S,447469,0,+40.0749091,-075.0392089,10656,11045.15108,4814232.022
105,150,42,101,034502,42101034502,345.02,Census Tract 345.02,G5020,S,1009269,0,+40.0814446,-075.0383811,10657,16585.03498,11015831.63
106,151,42,101,001102,42101001102,11.02,Census Tract 11.02,G5020,S,204062,0,+39.9442654,-075.1566960,10351,6035.593935,2196706.769
107,152,42,101,000902,42101000902,9.02,Census Tract 9.02,G5020,S,155164,0,+39.9471596,-075.1566389,10347,5749.201516,1669891.977
108,153,42,101,000901,42101000901,9.01,Census Tract 9.01,G5020,S,105510,0,+39.9478866,-075.1623004,10346,4342.558559,1135601.276
109,154,42,101,017201,42101017201,172.01,Census Tract 172.01,G5020,S,262958,0,+39.9993972,-075.1686145,10501,8366.647233,2830403.022
110,155,42,101,017202,42101017202,172.02,Census Tract 172.02,G5020,S,290610,0,+39.9986670,-075.1742061,10502,7879.199753,3127492.439
111,156,42,101,027401,42101027401,274.01,Census Tract 274.01,G5020,S,326659,0,+40.0386049,-075.1286496,10586,11082.79114,3516380.154
112,157,42,101,020101,42101020101,201.01,Census Tract 201.01,G5020,S,483577,0,+40.0036824,-075.1553072,10526,10333.25928,5205038.885
113,158,42,101,020102,42101020102,201.02,Census Tract 201.02,G5020,S,373125,0,+40.0111415,-075.1545676,10527,8683.454736,4016145.673
114,159,42,101,031101,42101031101,311.01,Census Tract 311.01,G5020,S,349649,0,+40.0422496,-075.0785449,10622,8164.21375,3763010.333
115,160,42,101,031102,42101031102,311.02,Census Tract 311.02,G5020,S,397973,0,+40.0370850,-075.0833729,10623,9673.877631,4285728.848
116,161,42,101,019502,42101019502,195.02,Census Tract 195.02,G5020,S,370302,0,+40.0034030,-075.1300445,10521,9359.96621,3985700.499
117,162,42,101,019501,42101019501,195.01,Census Tract 195.01,G5020,S,393883,0,+40.0004303,-075.1316227,10520,9725.630966,4239561.681
118,163,42,101,028901,42101028901,289.01,Census Tract 289.01,G5020,S,598655,0,+40.0171008,-075.1151820,10603,14561.39678,6428284.343
119,164,42,101,028902,42101028902,289.02,Census Tract 289.02,G5020,S,772294,6267,+40.0216105,-075.1116877,10604,16964.36534,8345275.052
120,165,42,101,033101,42101033101,331.01,Census Tract 331.01,G5020,S,486954,0,+40.0403093,-075.0379505,10641,10127.557,5241221.786
121,166,42,101,033102,42101033102,331.02,Census Tract 331.02,G5020,S,718272,0,+40.0451050,-075.0272869,10642,11660.15226,7951880.053
122,167,42,101,031501,42101031501,315.01,Census Tract 315.01,G5020,S,587242,0,+40.0365919,-075.0481642,10628,10626.713,6320977.414
123,168,42,101,030501,42101030501,305.01,Census Tract 305.01,G5020,S,377375,0,+40.0428163,-075.0994351,10615,9044.913677,4062074.631
124,169,42,101,030502,42101030502,305.02,Census Tract 305.02,G5020,S,699246,0,+40.0457206,-075.1046619,10616,12139.91601,7524320.155
125,170,42,101,009802,42101009802,98.02,Census Tract 98.02,G5020,S,611026,0,+39.9745879,-075.2679037,10433,14512.16691,6438493.248
126,171,42,101,018001,42101018001,180.01,Census Tract 180.01,G5020,S,387383,0,+39.9810569,-075.1128000,10512,8764.478421,4169687.153
127,172,42,101,017702,42101017702,177.02,Census Tract 177.02,G5020,S,489258,0,+39.9950621,-075.1231399,10509,9784.898821,5266839.187
128,173,42,101,017701,42101017701,177.01,Census Tract 177.01,G5020,S,241053,0,+39.9964470,-075.1167526,10508,7771.088102,2593912.101
129,174,42,101,035602,42101035602,356.02,Census Tract 356.02,G5020,S,1394868,1863,+40.1079419,-075.0480601,10671,16384.86858,15032859.03
130,175,42,101,035701,42101035701,357.01,Census Tract 357.01,G5020,S,598625,718,+40.1095846,-075.0286811,10672,13142.09082,6450976.363
131,176,42,101,035702,42101035702,357.02,Census Tract 357.02,G5020,S,1559149,0,+40.1130914,-075.0374316,10673,17073.30862,16779145.17
132,177,42,101,035601,42101035601,356.01,Census Tract 356.01,G5020,S,2029707,12498,+40.0973908,-075.0388184,10670,19495.29125,21982911.06
133,178,42,101,015101,42101015101,151.01,Census Tract 151.01,G5020,S,193072,0,+39.9869632,-075.1857502,10480,6344.995122,2078364.22
134,179,42,101,015102,42101015102,151.02,Census Tract 151.02,G5020,S,556570,0,+39.9861430,-075.1794280,10481,9855.838646,6014822.042
135,180,42,101,036501,42101036501,365.01,Census Tract 365.01,G5020,S,1816093,7168,+40.1290877,-075.0120077,10685,17880.28728,19608603.05
136,181,42,101,980400,42101980400,9804,Census Tract 9804,G5020,S,2923998,51364,+39.8798897,-075.2337414,10712,32794.98968,32013136.94
137,182,42,101,013402,42101013402,134.02,Census Tract 134.02,G5020,S,238612,0,+39.9653623,-075.1690326,10463,6507.679045,2568477.918
138,183,42,101,013401,42101013401,134.01,Census Tract 134.01,G5020,S,164058,0,+39.9659574,-075.1752507,10462,5812.55304,1773363.317
139,184,42,101,013601,42101013601,136.01,Census Tract 136.01,G5020,S,167625,0,+39.9689697,-075.1785774,10465,6206.383178,1804255.543
140,185,42,101,037900,42101037900,379,Census Tract 379,G5020,S,1374524,0,+39.9910899,-075.0927158,10696,18566.45186,14796151.41
141,186,42,101,038200,42101038200,382,Census Tract 382,G5020,S,1828671,25840,+39.9963741,-075.0973643,10699,24329.36434,19961084.3
142,187,42,101,038000,42101038000,380,Census Tract 380,G5020,S,874602,0,+40.0052279,-075.0807845,10697,15605.33668,9413510.779
143,188,42,101,038100,42101038100,381,Census Tract 381,G5020,S,3335029,1629584,+40.0189334,-075.0399564,10698,43156.25684,53377680.07
144,189,42,101,038400,42101038400,384,Census Tract 384,G5020,S,2546785,0,+40.0714163,-075.2332568,10701,34418.08252,24432759.53
145,190,42,101,000100,42101000100,1,Census Tract 1,G5020,S,704909,0,+39.9523827,-075.1466628,10335,11381.43267,7595557.098
146,191,42,101,000200,42101000200,2,Census Tract 2,G5020,S,382478,0,+39.9553999,-075.1569775,10336,9279.187946,4116628.185
147,192,42,101,000300,42101000300,3,Census Tract 3,G5020,S,548342,356,+39.9568780,-075.1716655,10337,12679.90166,5887110.24
148,193,42,101,000500,42101000500,5,Census Tract 5,G5020,S,428783,0,+39.9519534,-075.1581776,10340,10071.82002,4615443.898
149,194,42,101,000600,42101000600,6,Census Tract 6,G5020,S,172655,0,+39.9493845,-075.1583354,10341,7756.93604,1858607.4
150,195,42,101,000700,42101000700,7,Census Tract 7,G5020,S,246682,7087,+39.9510463,-075.1729143,10342,10960.6975,2757425.913
151,196,42,101,003200,42101003200,32,Census Tract 32,G5020,S,491790,0,+39.9333011,-075.1854187,10375,9207.283578,5293091.772
152,197,42,101,003300,42101003300,33,Census Tract 33,G5020,S,1062354,72863,+39.9384405,-075.1958253,10376,17662.95763,12468030.25
153,198,42,101,003600,42101003600,36,Census Tract 36,G5020,S,964539,0,+39.9279255,-075.1920206,10377,16306.75163,10387521.78
154,199,42,101,003701,42101003701,37.01,Census Tract 37.01,G5020,S,355619,0,+39.9276728,-075.1806654,10378,8365.01848,3828073.66
155,200,42,101,003702,42101003702,37.02,Census Tract 37.02,G5020,S,247413,0,+39.9245283,-075.1824354,10379,7786.046458,2663988.525
156,201,42,101,004101,42101004101,41.01,Census Tract 41.01,G5020,S,374000,0,+39.9229611,-075.1589741,10385,8065.32853,4025584.469
157,202,42,101,004002,42101004002,40.02,Census Tract 40.02,G5020,S,344837,0,+39.9188943,-075.1674160,10384,7715.920379,3711626.822
158,203,42,101,003902,42101003902,39.02,Census Tract 39.02,G5020,S,452596,0,+39.9167178,-075.1744119,10382,9741.584197,4884109.178
159,204,42,101,004001,42101004001,40.01,Census Tract 40.01,G5020,S,314952,0,+39.9238035,-075.1662102,10383,7307.788315,3390382.004
160,205,42,101,004102,42101004102,41.02,Census Tract 41.02,G5020,S,391854,0,+39.9179425,-075.1600629,10386,8249.93178,4218118.625
161,206,42,101,004202,42101004202,42.02,Census Tract 42.02,G5020,S,453343,0,+39.9168570,-075.1516284,10388,8946.187224,4880089.896
162,207,42,101,004201,42101004201,42.01,Census Tract 42.01,G5020,S,361679,0,+39.9219554,-075.1512640,10387,8072.023629,3892831.88
163,208,42,101,007900,42101007900,79,Census Tract 79,G5020,S,377950,0,+39.9504630,-075.2182570,10410,8652.52725,4068519.26
164,209,42,101,008000,42101008000,80,Census Tract 80,G5020,S,430471,0,+39.9506613,-075.2268423,10411,8563.128018,4633831.442
165,210,42,101,008200,42101008200,82,Census Tract 82,G5020,S,832334,11136,+39.9491574,-075.2444494,10414,12018.13734,9087194.926
166,211,42,101,017601,42101017601,176.01,Census Tract 176.01,G5020,S,579127,0,+39.9939260,-075.1343448,10506,11210.62849,6254801.93
167,212,42,101,008301,42101008301,83.01,Census Tract 83.01,G5020,S,510557,6713,+39.9577810,-075.2467384,10415,10905.67746,5570578.178
168,213,42,101,008400,42101008400,84,Census Tract 84,G5020,S,501765,0,+39.9579899,-075.2354681,10417,9302.541999,5400678.015
169,214,42,101,008500,42101008500,85,Census Tract 85,G5020,S,621445,0,+39.9568821,-075.2265389,10418,10379.48322,6688826.335
170,215,42,101,009000,42101009000,90,Census Tract 90,G5020,S,436319,0,+39.9595116,-075.1906245,10425,9380.206889,4695147.114
171,216,42,101,009100,42101009100,91,Census Tract 91,G5020,S,425573,0,+39.9594179,-075.1977245,10426,8484.485166,4580842.631
172,217,42,101,009200,42101009200,92,Census Tract 92,G5020,S,512009,0,+39.9601608,-075.2074723,10427,9996.345485,5511217.489
173,1,42,101,009400,42101009400,94,Census Tract 94,G5020,S,366717,0,+39.9632709,-075.2322437,10429,8038.722374,3947301.115
174,2,42,101,009500,42101009500,95,Census Tract 95,G5020,S,319070,0,+39.9658709,-075.2379140,10430,8301.174841,3434284.216
175,3,42,101,009600,42101009600,96,Census Tract 96,G5020,S,405273,0,+39.9655396,-075.2435075,10431,8538.561511,4362725.819
176,4,42,101,013800,42101013800,138,Census Tract 138,G5020,S,341256,0,+39.9764504,-075.1771771,10468,8720.175704,3673218.172
177,5,42,101,013900,42101013900,139,Census Tract 139,G5020,S,562934,0,+39.9750563,-075.1711846,10469,11754.71335,6059211.239
178,6,42,101,014000,42101014000,140,Census Tract 140,G5020,S,439802,0,+39.9735358,-075.1630966,10470,8705.129274,4732633.597
179,7,42,101,014100,42101014100,141,Census Tract 141,G5020,S,562132,0,+39.9708771,-075.1524555,10471,11924.08265,6050683.34
180,8,42,101,014200,42101014200,142,Census Tract 142,G5020,S,789935,277434,+39.9652375,-075.1359612,10472,17330.25522,10807190.22
181,9,42,101,014300,42101014300,143,Census Tract 143,G5020,S,570015,282808,+39.9671225,-075.1265617,10473,15259.70981,8906356.923
182,10,42,101,014400,42101014400,144,Census Tract 144,G5020,S,609439,0,+39.9722286,-075.1400952,10474,10850.67112,6559737.174
183,11,42,101,014500,42101014500,145,Census Tract 145,G5020,S,321464,0,+39.9760715,-075.1484189,10475,7503.91648,3460114.52
184,12,42,101,014600,42101014600,146,Census Tract 146,G5020,S,445048,0,+39.9764305,-075.1546990,10476,9097.579324,4790342.641
185,13,42,101,014700,42101014700,147,Census Tract 147,G5020,S,337677,0,+39.9785489,-075.1620244,10477,7737.179935,3635330.92
186,14,42,101,014800,42101014800,148,Census Tract 148,G5020,S,191126,0,+39.9802047,-075.1691610,10478,5946.955374,2057343.787
187,15,42,101,014900,42101014900,149,Census Tract 149,G5020,S,453221,0,+39.9816503,-075.1804029,10479,11180.46015,4878158.856
188,16,42,101,015200,42101015200,152,Census Tract 152,G5020,S,669101,0,+39.9854546,-075.1700491,10482,11972.0996,7177709.244
189,17,42,101,015300,42101015300,153,Census Tract 153,G5020,S,469136,0,+39.9837644,-075.1608849,10483,8979.69713,5050219.953
190,18,42,101,015600,42101015600,156,Census Tract 156,G5020,S,429567,0,+39.9790066,-075.1418910,10484,8854.56401,4624207.596
191,19,42,101,019000,42101019000,190,Census Tract 190,G5020,S,778606,12639,+40.0095015,-075.0986136,10517,13766.29344,8516294.319
192,20,42,101,019100,42101019100,191,Census Tract 191,G5020,S,1439101,20770,+40.0095510,-075.1071820,10518,19406.71081,15714152
193,21,42,101,019200,42101019200,192,Census Tract 192,G5020,S,656913,0,+40.0006393,-075.1150648,10519,14176.8414,7070677.47
194,22,42,101,019700,42101019700,197,Census Tract 197,G5020,S,450587,0,+40.0162799,-075.1379372,10522,9516.284536,4848186.032
195,23,42,101,019800,42101019800,198,Census Tract 198,G5020,S,541006,0,+40.0107245,-075.1421472,10523,10524.18266,5824099.038
196,24,42,101,019900,42101019900,199,Census Tract 199,G5020,S,661884,0,+40.0048515,-075.1435463,10524,10838.45583,7124982.537
197,25,42,101,020000,42101020000,200,Census Tract 200,G5020,S,316676,0,+40.0025289,-075.1508995,10525,10154.8875,3408503.214
198,26,42,101,020200,42101020200,202,Census Tract 202,G5020,S,756814,0,+40.0081282,-075.1621609,10528,12816.0695,8146502.147
199,27,42,101,020300,42101020300,203,Census Tract 203,G5020,S,508176,0,+40.0125820,-075.1495922,10529,13198.81241,5469231.502
200,28,42,101,020400,42101020400,204,Census Tract 204,G5020,S,407372,0,+40.0198216,-075.1525117,10530,9333.126636,4385036.41
201,29,42,101,020500,42101020500,205,Census Tract 205,G5020,S,1429510,0,+40.0158738,-075.1643607,10531,17319.01354,15386061.28
202,30,42,101,020600,42101020600,206,Census Tract 206,G5020,S,1295848,56842,+40.0198000,-075.1827740,10532,15378.9805,14560943.92
203,31,42,101,001300,42101001300,13,Census Tract 13,G5020,S,727889,60713,+39.9445258,-075.1862050,10354,12437.28386,8374814.271
204,32,42,101,001400,42101001400,14,Census Tract 14,G5020,S,315832,0,+39.9429436,-075.1715930,10355,8583.817222,3399572.629
205,33,42,101,001500,42101001500,15,Census Tract 15,G5020,S,239383,0,+39.9419037,-075.1591158,10356,8936.874776,2576673.605
206,34,42,101,001600,42101001600,16,Census Tract 16,G5020,S,196392,0,+39.9402546,-075.1483127,10357,6574.828825,2113797.486
207,35,42,101,001700,42101001700,17,Census Tract 17,G5020,S,221530,0,+39.9377593,-075.1483114,10358,7697.495191,2384377.661
208,36,42,101,001800,42101001800,18,Census Tract 18,G5020,S,242483,0,+39.9399998,-075.1593091,10359,9056.299654,2610295.003
209,37,42,101,001900,42101001900,19,Census Tract 19,G5020,S,328327,0,+39.9400454,-075.1722270,10360,8663.719148,3534209.508
210,38,42,101,002000,42101002000,20,Census Tract 20,G5020,S,289368,0,+39.9381416,-075.1843145,10361,7250.767805,3114739.773
211,39,42,101,002100,42101002100,21,Census Tract 21,G5020,S,237519,0,+39.9372214,-075.1768955,10362,6490.474081,2556634.096
212,40,42,101,002200,42101002200,22,Census Tract 22,G5020,S,228696,0,+39.9364111,-075.1703923,10363,6334.405602,2461664.244
213,41,42,101,002300,42101002300,23,Census Tract 23,G5020,S,212379,0,+39.9348217,-075.1629799,10364,6974.378242,2285816.32
214,42,42,101,002400,42101002400,24,Census Tract 24,G5020,S,535421,0,+39.9367634,-075.1595100,10365,12102.3199,5762976.148
215,43,42,101,002500,42101002500,25,Census Tract 25,G5020,S,398697,0,+39.9342960,-075.1498023,10366,8601.458038,4291267.571
216,44,42,101,002900,42101002900,29,Census Tract 29,G5020,S,370217,0,+39.9306984,-075.1655729,10371,9452.159986,3984921.018
217,45,42,101,003100,42101003100,31,Census Tract 31,G5020,S,395908,0,+39.9323428,-075.1779572,10374,8286.542668,4261719.478
218,262,42,101,025800,42101025800,258,Census Tract 258,G5020,S,586719,0,+40.0739801,-075.1823113,10569,10122.22191,6310223.926
219,263,42,101,025900,42101025900,259,Census Tract 259,G5020,S,549415,0,+40.0799255,-075.1759762,10570,9774.984039,5915394.454
220,264,42,101,026000,42101026000,260,Census Tract 260,G5020,S,543433,0,+40.0761235,-075.1694560,10571,9691.010957,5842588.746
221,265,42,101,026100,42101026100,261,Census Tract 261,G5020,S,649364,0,+40.0704645,-075.1755189,10572,10819.07661,6989072.082
222,266,42,101,026200,42101026200,262,Census Tract 262,G5020,S,555958,0,+40.0664940,-075.1692176,10573,11934.37566,5983930.228
223,267,42,101,034801,42101034801,348.01,Census Tract 348.01,G5020,S,1385963,5188,+40.0545325,-075.0163104,10661,20546.4496,14966976.59
224,268,42,101,026302,42101026302,263.02,Census Tract 263.02,G5020,S,704112,0,+40.0687425,-075.1571945,10575,11490.67377,7582372.594
225,269,42,101,026400,42101026400,264,Census Tract 264,G5020,S,796819,0,+40.0625462,-075.1620066,10576,12630.8475,8577749.333
226,270,42,101,026500,42101026500,265,Census Tract 265,G5020,S,545961,0,+40.0587255,-075.1546921,10577,9989.284758,5873764.168
227,271,42,101,026600,42101026600,266,Census Tract 266,G5020,S,913982,0,+40.0634828,-075.1473266,10578,12746.02847,9810093.692
228,272,42,101,026700,42101026700,267,Census Tract 267,G5020,S,643873,0,+40.0547569,-075.1479247,10579,10549.89528,6930542.379
229,273,42,101,026800,42101026800,268,Census Tract 268,G5020,S,774174,0,+40.0555270,-075.1399312,10580,15084.74461,8372047.135
230,274,42,101,029900,42101029900,299,Census Tract 299,G5020,S,591451,0,+40.0131465,-075.0747146,10611,11216.45875,6366781.502
231,275,42,101,030000,42101030000,300,Census Tract 300,G5020,S,910854,0,+40.0186719,-075.0780880,10612,14409.49655,9804098.411
232,276,42,101,030100,42101030100,301,Census Tract 301,G5020,S,725113,0,+40.0204947,-075.0885046,10613,11519.39359,7804902.083
233,277,42,101,030200,42101030200,302,Census Tract 302,G5020,S,901710,0,+40.0259863,-075.0823128,10614,12795.03699,9705454.271
234,278,42,101,030600,42101030600,306,Census Tract 306,G5020,S,1007799,0,+40.0504922,-075.0943787,10617,15152.58003,10867753.97
235,279,42,101,030700,42101030700,307,Census Tract 307,G5020,S,653309,0,+40.0573133,-075.0885390,10618,12047.43449,7076488.589
236,280,42,101,030800,42101030800,308,Census Tract 308,G5020,S,795704,0,+40.0547831,-075.0819056,10619,12151.48319,8564915.469
237,281,42,101,030900,42101030900,309,Census Tract 309,G5020,S,645014,0,+40.0437632,-075.0851914,10620,12155.96137,6941459.172
238,282,42,101,031000,42101031000,310,Census Tract 310,G5020,S,1063411,0,+40.0497292,-075.0744541,10621,13615.20051,11445952.18
239,283,42,101,031200,42101031200,312,Census Tract 312,G5020,S,429736,0,+40.0354204,-075.0774550,10624,10370.12406,4626629.778
240,284,42,101,031300,42101031300,313,Census Tract 313,G5020,S,711141,0,+40.0393190,-075.0698140,10625,11672.16191,7654590.599
241,285,42,101,031600,42101031600,316,Census Tract 316,G5020,S,713953,0,+40.0326126,-075.0590717,10630,11709.47553,7685200.234
242,286,42,101,031700,42101031700,317,Census Tract 317,G5020,S,881689,0,+40.0306050,-075.0683989,10631,12535.74945,9489524.471
243,287,42,101,036303,42101036303,363.03,Census Tract 363.03,G5020,S,2555861,0,+40.1051833,-074.9702250,10683,25243.66034,27118140.78
244,288,42,101,034701,42101034701,347.01,Census Tract 347.01,G5020,S,1148190,57,+40.0645576,-075.0329783,10659,16831.16465,12165507.09
245,289,42,101,034802,42101034802,348.02,Census Tract 348.02,G5020,S,1232182,8014,+40.0687035,-075.0097300,10662,15436.10168,13348137.93
246,290,42,101,034900,42101034900,349,Census Tract 349,G5020,S,1944040,0,+40.0453848,-075.0090768,10664,21141.09544,20923640.61
247,291,42,101,035100,42101035100,351,Census Tract 351,G5020,S,997442,666018,+40.0488411,-074.9859716,10665,16696.94613,15729968.88
248,292,42,101,035200,42101035200,352,Census Tract 352,G5020,S,1838264,27863,+40.0559122,-074.9907443,10666,20400.36589,20045349.35
249,293,42,101,035301,42101035301,353.01,Census Tract 353.01,G5020,S,1375222,36973,+40.0659313,-074.9934646,10667,16000.87077,15197586.61
250,294,42,101,026301,42101026301,263.01,Census Tract 263.01,G5020,S,406340,0,+40.0728148,-075.1637161,10574,8548.984891,4377130.891
251,295,42,101,000804,42101000804,8.04,Census Tract 8.04,G5020,S,145453,0,+39.9485646,-075.1677563,10345,5330.472681,1565712.397
252,296,42,101,001202,42101001202,12.02,Census Tract 12.02,G5020,S,308560,0,+39.9459117,-075.1699475,10353,7851.553417,3321522.867
253,297,42,101,001201,42101001201,12.01,Census Tract 12.01,G5020,S,327555,30728,+39.9471666,-075.1798721,10352,8603.768864,3753325.877
254,298,42,101,000803,42101000803,8.03,Census Tract 8.03,G5020,S,152820,0,+39.9493748,-075.1742489,10344,5520.393577,1644990.708
255,299,42,101,980900,42101980900,9809,Census Tract 9809,G5020,S,17228698,3463789,+39.9051799,-075.2174145,10717,100989.5286,221323313.8
256,300,42,101,002702,42101002702,27.02,Census Tract 27.02,G5020,S,367673,0,+39.9280114,-075.1495606,10368,8325.101199,3957352.342
257,301,42,101,003002,42101003002,30.02,Census Tract 30.02,G5020,S,226951,0,+39.9327263,-075.1711915,10373,6319.659664,2442816.325
258,302,42,101,003001,42101003001,30.01,Census Tract 30.01,G5020,S,226547,0,+39.9290640,-075.1719912,10372,6314.089904,2438714.965
259,303,42,101,002802,42101002802,28.02,Census Tract 28.02,G5020,S,362690,0,+39.9288001,-075.1614073,10370,8823.190699,3903930.802
260,304,42,101,980700,42101980700,9807,Census Tract 9807,G5020,S,5957147,1730038,+39.9104684,-075.1431656,10715,48820.67137,80872679.81
261,305,42,101,002701,42101002701,27.01,Census Tract 27.01,G5020,S,224840,0,+39.9285526,-075.1537033,10367,7206.522202,2420220.836
262,306,42,101,980600,42101980600,9806,Census Tract 9806,G5020,S,1286624,0,+39.9055378,-075.1707151,10714,21279.82064,13850384.05
263,307,42,101,033701,42101033701,337.01,Census Tract 337.01,G5020,S,973653,0,+40.0672105,-075.0482983,10648,18010.28216,10427966.83
264,308,42,101,033702,42101033702,337.02,Census Tract 337.02,G5020,S,1057798,0,+40.0707532,-075.0578212,10649,20327.83943,11371657.35
265,309,42,101,031502,42101031502,315.02,Census Tract 315.02,G5020,S,578101,0,+40.0392658,-075.0548693,10629,10971.86782,6221114.649
266,310,42,101,031401,42101031401,314.01,Census Tract 314.01,G5020,S,594849,0,+40.0457134,-075.0665728,10626,11121.11959,6402813.603
267,311,42,101,031402,42101031402,314.02,Census Tract 314.02,G5020,S,564136,0,+40.0432797,-075.0602860,10627,11042.35454,6073490.071
268,312,42,101,016701,42101016701,167.01,Census Tract 167.01,G5020,S,254046,0,+39.9911965,-075.1619017,10494,8070.970307,2734505.197
269,313,42,101,016702,42101016702,167.02,Census Tract 167.02,G5020,S,355103,0,+39.9904175,-075.1578177,10495,8351.131156,3822363.417
270,314,42,101,027901,42101027901,279.01,Census Tract 279.01,G5020,S,415780,0,+40.0458879,-075.1544482,10592,8837.238276,4475569.556
271,315,42,101,027902,42101027902,279.02,Census Tract 279.02,G5020,S,889784,0,+40.0374381,-075.1543087,10593,14202.41113,9560528.92
272,316,42,101,008101,42101008101,81.01,Census Tract 81.01,G5020,S,243700,0,+39.9483649,-075.2360506,10412,7119.618959,2623528.346
273,317,42,101,007102,42101007102,71.02,Census Tract 71.02,G5020,S,415761,0,+39.9409204,-075.2282511,10404,8627.707984,4475107.561
274,318,42,101,008802,42101008802,88.02,Census Tract 88.02,G5020,S,390951,0,+39.9529808,-075.2027893,10424,9776.611193,4241593.699
275,319,42,101,008702,42101008702,87.02,Census Tract 87.02,G5020,S,283566,0,+39.9538114,-075.2070435,10422,8097.95021,3052141.084
276,320,42,101,008701,42101008701,87.01,Census Tract 87.01,G5020,S,259523,0,+39.9535656,-075.2104988,10421,8345.960442,2793546.242
277,321,42,101,008102,42101008102,81.02,Census Tract 81.02,G5020,S,362526,0,+39.9522216,-075.2345584,10413,8002.15748,3901745.073
278,322,42,101,008602,42101008602,86.02,Census Tract 86.02,G5020,S,369142,0,+39.9569725,-075.2167030,10420,8698.113897,3973595.266
279,323,42,101,037500,42101037500,375,Census Tract 375,G5020,S,1032702,1496,+39.9840699,-075.2551922,10692,19622.34213,11023730.36
280,324,42,101,980800,42101980800,9808,Census Tract 9808,G5020,S,2106698,43823,+39.9714517,-075.2621770,10716,41365.54838,23367258.66
281,325,42,101,018002,42101018002,180.02,Census Tract 180.02,G5020,S,439791,0,+39.9836344,-075.1067096,10513,9405.956775,4733735.54
282,326,42,101,008801,42101008801,88.01,Census Tract 88.01,G5020,S,184674,0,+39.9539319,-075.1984477,10423,5996.469414,1988869.266
283,327,42,101,012201,42101012201,122.01,Census Tract 122.01,G5020,S,380689,2325,+40.0034648,-075.2106388,10455,9524.252608,3880478.723
284,328,42,101,009801,42101009801,98.01,Census Tract 98.01,G5020,S,297977,0,+39.9775172,-075.2665972,10432,7912.702553,3235162.117
285,329,42,101,007101,42101007101,71.01,Census Tract 71.01,G5020,S,253256,0,+39.9381580,-075.2249984,10403,7356.865271,2725929.537
286,330,42,101,002801,42101002801,28.01,Census Tract 28.01,G5020,S,222950,0,+39.9289729,-075.1568319,10369,7185.851444,2399887.053
287,331,42,101,980500,42101980500,9805,Census Tract 9805,G5020,S,401968,13468,+40.0177581,-075.1441820,10713,8761.090283,4472441.39
288,332,42,101,000801,42101000801,8.01,Census Tract 8.01,G5020,S,99958,12755,+39.9497374,-075.1804054,10343,4720.564943,1236167.551
289,333,42,101,001101,42101001101,11.01,Census Tract 11.01,G5020,S,174014,0,+39.9449918,-075.1625240,10350,5510.732993,1872867.637
290,334,42,101,027402,42101027402,274.02,Census Tract 274.02,G5020,S,511360,0,+40.0390702,-075.1251352,10587,12233.22506,5503656.505
291,335,42,101,008601,42101008601,86.01,Census Tract 86.01,G5020,S,252482,0,+39.9537341,-075.2165930,10419,8141.840312,2717461.001
292,336,42,101,036502,42101036502,365.02,Census Tract 365.02,G5020,S,1733189,0,+40.1235705,-074.9993521,10686,23051.20342,18253775.76
293,337,42,101,036700,42101036700,367,Census Tract 367,G5020,S,801969,0,+39.9607248,-075.1439885,10688,12323.22868,8623965.998
294,338,42,101,037600,42101037600,376,Census Tract 376,G5020,S,717304,0,+39.9599009,-075.1551651,10693,11829.73076,7721197.456
295,339,42,101,038600,42101038600,386,Census Tract 386,G5020,S,3304398,32066,+40.0582762,-075.2110913,10703,39888.01049,36099490.04
296,340,42,101,038500,42101038500,385,Census Tract 385,G5020,S,1338941,2576,+40.0757528,-075.2146234,10702,24103.31647,14651019.25
297,341,42,101,038700,42101038700,387,Census Tract 387,G5020,S,2053212,22241,+40.0833122,-075.2130770,10704,23924.70836,22348859.46
298,342,42,101,038800,42101038800,388,Census Tract 388,G5020,S,1383530,4751,+40.0571595,-075.1982438,10705,17947.04624,15025845.38
299,343,42,101,038900,42101038900,389,Census Tract 389,G5020,S,1280551,0,+40.0543431,-075.1682764,10706,15758.15518,13783165.5
300,344,42,101,980000,42101980000,9800,Census Tract 9800,G5020,S,8922478,1508835,+39.9880961,-075.1967773,10708,69582.04009,112397037
301,345,42,101,026900,42101026900,269,Census Tract 269,G5020,S,614686,0,+40.0556007,-075.1324048,10581,10771.62913,6667389.061
302,346,42,101,027000,42101027000,270,Census Tract 270,G5020,S,642216,0,+40.0493231,-075.1331512,10582,10595.98197,6912411.495
303,347,42,101,027100,42101027100,271,Census Tract 271,G5020,S,372278,39344,+40.0484793,-075.1263611,10583,9551.043599,4457788.728
304,348,42,101,027200,42101027200,272,Census Tract 272,G5020,S,679046,794,+40.0472339,-075.1180889,10584,12000.22959,7314678.711
305,349,42,101,027300,42101027300,273,Census Tract 273,G5020,S,938011,14079,+40.0377547,-075.1189432,10585,14500.77361,10227796.52
306,350,42,101,027500,42101027500,275,Census Tract 275,G5020,S,606825,0,+40.0400497,-075.1322707,10588,12207.41586,6555307.437
307,351,42,101,027600,42101027600,276,Census Tract 276,G5020,S,663745,0,+40.0429404,-075.1392771,10589,10722.70223,7110976.165
308,352,42,101,027700,42101027700,277,Census Tract 277,G5020,S,542404,0,+40.0505444,-075.1512267,10590,12604.96369,5837678.818
309,353,42,101,027800,42101027800,278,Census Tract 278,G5020,S,724725,0,+40.0425278,-075.1471626,10591,13447.30418,7800725.911
310,354,42,101,028000,42101028000,280,Census Tract 280,G5020,S,718346,0,+40.0261190,-075.1546481,10594,11756.33169,7731604.307
311,355,42,101,028100,42101028100,281,Census Tract 281,G5020,S,503541,0,+40.0304473,-075.1491299,10595,11075.17973,5420018.222
312,356,42,101,028200,42101028200,282,Census Tract 282,G5020,S,855812,0,+40.0348704,-075.1403327,10596,14218.76024,9236687.673
313,357,42,101,031800,42101031800,318,Census Tract 318,G5020,S,464290,0,+40.0311021,-075.0769892,10632,10405.87069,4996256.521
314,358,42,101,031900,42101031900,319,Census Tract 319,G5020,S,773285,0,+40.0230600,-075.0648988,10633,12027.85831,8323171.484
315,359,42,101,032000,42101032000,320,Census Tract 320,G5020,S,681549,0,+40.0271751,-075.0548674,10634,12252.39959,7335553.133
316,360,42,101,032100,42101032100,321,Census Tract 321,G5020,S,552928,0,+40.0170175,-075.0589752,10635,9677.125013,5947792.707
317,361,42,101,032300,42101032300,323,Census Tract 323,G5020,S,600043,0,+40.0210898,-075.0515270,10636,10644.23617,6455130.038
318,362,42,101,032500,42101032500,325,Census Tract 325,G5020,S,839319,0,+40.0263918,-075.0452561,10637,14028.84241,9034155.388
319,363,42,101,032600,42101032600,326,Census Tract 326,G5020,S,809898,0,+40.0302773,-075.0396263,10638,13567.70742,8717250.173
320,364,42,101,989100,42101989100,9891,Census Tract 9891,G5020,S,2664969,1649710,+40.0377830,-075.0034085,10718,30831.00594,44217922.64
321,365,42,101,032900,42101032900,329,Census Tract 329,G5020,S,922922,21617,+40.0379010,-075.0249713,10639,14492.49302,10180836.09
322,366,42,101,033000,42101033000,330,Census Tract 330,G5020,S,732860,0,+40.0335974,-075.0338492,10640,12265.3409,7875460.867
323,367,42,101,033200,42101033200,332,Census Tract 332,G5020,S,828420,0,+40.0439411,-075.0448281,10643,13863.24638,9127276.349
324,368,42,101,980300,42101980300,9803,Census Tract 9803,G5020,S,7594331,24435,+40.0812065,-075.0106977,10711,36644.02168,82003146.84
325,369,42,101,035500,42101035500,355,Census Tract 355,G5020,S,2290053,1067,+40.0911285,-075.0293244,10669,21150.56656,24658230.23
326,370,42,101,035800,42101035800,358,Census Tract 358,G5020,S,1757756,2013,+40.1213169,-075.0257898,10674,17788.63337,18940107.12
327,371,42,101,035900,42101035900,359,Census Tract 359,G5020,S,2244717,2511,+40.1103418,-075.0151645,10675,21883.20902,24191267.76
328,372,42,101,036000,42101036000,360,Census Tract 360,G5020,S,2043084,638,+40.1042670,-075.0108187,10676,21488.3047,21994776.38
329,373,42,101,036100,42101036100,361,Census Tract 361,G5020,S,1230432,7138,+40.0987766,-074.9907481,10677,18217.51791,13251884.93
330,374,42,101,036203,42101036203,362.03,Census Tract 362.03,G5020,S,1475496,68020,+40.0760921,-074.9742967,10680,21303.3803,16540927.31
331,375,42,101,035302,42101035302,353.02,Census Tract 353.02,G5020,S,1498641,17292,+40.0730774,-074.9968713,10668,19343.46461,16320130.86
332,376,42,101,036201,42101036201,362.01,Census Tract 362.01,G5020,S,1031929,15195,+40.0820300,-074.9868079,10678,14600.06616,11270239.89
333,377,42,101,036302,42101036302,363.02,Census Tract 363.02,G5020,S,502696,0,+40.0973153,-074.9805151,10682,11114.09826,5489889.637
334,378,42,101,036900,42101036900,369,Census Tract 369,G5020,S,1859159,193283,+39.9494281,-075.1957548,10689,23983.96935,21981619.46
335,379,42,101,037300,42101037300,373,Census Tract 373,G5020,S,2573046,162376,+39.9024981,-075.1879361,10691,30346.76419,29443166.85
336,380,42,101,037200,42101037200,372,Census Tract 372,G5020,S,1028984,0,+39.9129487,-075.1599379,10690,16772.52264,11070039.33
337,381,42,101,038300,42101038300,383,Census Tract 383,G5020,S,3064496,0,+40.0108630,-075.1248984,10700,27521.62275,32983932.15
338,382,42,101,039000,42101039000,390,Census Tract 390,G5020,S,2032689,0,+40.0357300,-075.0938840,10707,21991.76743,21883020.64
339,383,42,101,037800,42101037800,378,Census Tract 378,G5020,S,3760084,1936838,+39.9805802,-075.0956845,10695,42170.72609,60392490.94
340,384,42,101,037700,42101037700,377,Census Tract 377,G5020,S,736894,0,+39.9824381,-075.1506932,10694,11506.67429,7931528.268
341,218,42,101,009300,42101009300,93,Census Tract 93,G5020,S,402475,0,+39.9622914,-075.2240225,10428,8841.239258,4322326.428
342,219,42,101,006700,42101006700,67,Census Tract 67,G5020,S,1001467,0,+39.9242475,-075.2242816,10400,13341.38146,10789386.33
343,220,42,101,006900,42101006900,69,Census Tract 69,G5020,S,704352,102803,+39.9306204,-075.2146526,10401,15339.56453,8739751.126
344,221,42,101,007000,42101007000,70,Census Tract 70,G5020,S,469047,0,+39.9351850,-075.2214770,10402,9114.62275,5054907.29
345,222,42,101,007200,42101007200,72,Census Tract 72,G5020,S,502614,0,+39.9446370,-075.2332168,10405,9927.397232,5409892.459
346,223,42,101,007300,42101007300,73,Census Tract 73,G5020,S,387201,0,+39.9448185,-075.2232916,10406,9701.334134,4167411.765
347,224,42,101,007400,42101007400,74,Census Tract 74,G5020,S,675930,0,+39.9408575,-075.2143067,10407,11588.85328,7271548.654
348,225,42,101,007700,42101007700,77,Census Tract 77,G5020,S,322260,0,+39.9463523,-075.2082584,10408,9800.591437,3466166.281
349,226,42,101,007800,42101007800,78,Census Tract 78,G5020,S,427404,0,+39.9464580,-075.2162637,10409,9096.329278,4600586.178
350,227,42,101,011500,42101011500,115,Census Tract 115,G5020,S,370456,0,+39.9773687,-075.2518303,10449,8029.523018,3988223.043
351,228,42,101,011700,42101011700,117,Census Tract 117,G5020,S,654019,0,+39.9919070,-075.2404371,10450,11888.17503,7054757.455
352,229,42,101,011800,42101011800,118,Census Tract 118,G5020,S,915129,0,+39.9852889,-075.2357395,10451,17695.56378,9850609.663
353,230,42,101,011900,42101011900,119,Census Tract 119,G5020,S,691111,0,+39.9861142,-075.2288429,10452,14004.95603,7438690.598
354,231,42,101,012000,42101012000,120,Census Tract 120,G5020,S,600681,0,+39.9955323,-075.2297466,10453,10272.48548,6463440.098
355,232,42,101,012100,42101012100,121,Census Tract 121,G5020,S,876796,5378,+39.9964998,-075.2223795,10454,14072.50979,9480608.69
356,233,42,101,012500,42101012500,125,Census Tract 125,G5020,S,864810,49075,+39.9613701,-075.1720837,10458,17570.58495,9807940.167
357,234,42,101,013100,42101013100,131,Census Tract 131,G5020,S,322157,0,+39.9651312,-075.1507381,10459,7474.348051,3468298.654
358,235,42,101,013200,42101013200,132,Census Tract 132,G5020,S,426671,0,+39.9662042,-075.1571335,10460,8614.782295,4592516.459
359,236,42,101,013300,42101013300,133,Census Tract 133,G5020,S,357932,0,+39.9666126,-075.1629455,10461,8709.975775,3852677.674
360,237,42,101,013500,42101013500,135,Census Tract 135,G5020,S,404891,0,+39.9693564,-075.1700367,10464,8941.381322,4358444.302
361,238,42,101,013700,42101013700,137,Census Tract 137,G5020,S,589738,0,+39.9772752,-075.1842323,10467,10207.46846,6347367.529
362,239,42,101,017000,42101017000,170,Census Tract 170,G5020,S,1570376,50400,+40.0078614,-075.1834204,10499,19367.07385,17434330.92
363,240,42,101,017100,42101017100,171,Census Tract 171,G5020,S,1140882,0,+40.0027449,-075.1763248,10500,16771.55127,12276800.69
364,241,42,101,017300,42101017300,173,Census Tract 173,G5020,S,874586,0,+39.9985707,-075.1609337,10503,14163.14781,9414354.307
365,242,42,101,017400,42101017400,174,Census Tract 174,G5020,S,353985,0,+39.9962138,-075.1503586,10504,7778.877062,3810202.698
366,243,42,101,017500,42101017500,175,Census Tract 175,G5020,S,719915,6252,+39.9979150,-075.1429842,10505,12163.69848,7815823.237
367,244,42,101,017800,42101017800,178,Census Tract 178,G5020,S,662905,0,+39.9913734,-075.1173063,10510,11991.47572,7134748.52
368,245,42,101,017900,42101017900,179,Census Tract 179,G5020,S,714008,0,+39.9870535,-075.1139340,10511,13091.86773,7685648.463
369,246,42,101,018300,42101018300,183,Census Tract 183,G5020,S,1834680,185387,+39.9956035,-075.0746225,10514,23684.77628,20914593.47
370,247,42,101,018400,42101018400,184,Census Tract 184,G5020,S,1285745,949471,+39.9996644,-075.0637363,10515,26347.56075,24099629.72
371,248,42,101,018800,42101018800,188,Census Tract 188,G5020,S,663288,0,+39.9973659,-075.1058296,10516,11238.42474,7140325.296
372,249,42,101,021700,42101021700,217,Census Tract 217,G5020,S,1559576,0,+40.0450277,-075.2239451,10543,17911.94311,16785447.4
373,250,42,101,021800,42101021800,218,Census Tract 218,G5020,S,996088,0,+40.0574759,-075.2324353,10544,18361.51977,11008763.42
374,251,42,101,021900,42101021900,219,Census Tract 219,G5020,S,1410069,51091,+40.0505829,-075.2470033,10545,20753.48032,15763780.64
375,252,42,101,022000,42101022000,220,Census Tract 220,G5020,S,2944018,99558,+40.0562177,-075.2520092,10546,26056.06194,32709518.51
376,253,42,101,980100,42101980100,9801,Census Tract 9801,G5020,S,5476589,240667,+40.0509585,-075.2149160,10709,99149.27961,63442088.25
377,254,42,101,023100,42101023100,231,Census Tract 231,G5020,S,732803,1270,+40.0666637,-075.2038514,10547,15054.92135,7864272.224
378,255,42,101,023500,42101023500,235,Census Tract 235,G5020,S,775430,0,+40.0394435,-075.2007925,10548,21248.50322,8595307.931
379,256,42,101,023600,42101023600,236,Census Tract 236,G5020,S,978096,0,+40.0427145,-075.1946940,10549,15326.61182,10527693.6
380,257,42,101,023700,42101023700,237,Census Tract 237,G5020,S,1072973,0,+40.0487394,-075.1886069,10550,14847.32576,11548760.84
381,258,42,101,023800,42101023800,238,Census Tract 238,G5020,S,781630,0,+40.0389370,-075.1827038,10551,11980.22725,8413326.835
382,259,42,101,023900,42101023900,239,Census Tract 239,G5020,S,486037,2704,+40.0339713,-075.1875115,10552,10218.91129,5260647.699
383,260,42,101,024000,42101024000,240,Census Tract 240,G5020,S,617080,0,+40.0280807,-075.1794623,10553,10902.40879,6641975.92
384,261,42,101,025700,42101025700,257,Census Tract 257,G5020,S,748205,0,+40.0724586,-075.1962708,10568,11391.64521,8033515.67
